o_d,cluster
ARGARG,1
ARGAUS,1
ARGAUT,1
ARGBEL,1
BGDARG,3
ARGBRA,1
ARGCAN,1
ARGCHE,1
ARGCHL,1
BGDAUS,3
ARGCOL,1
ARGCZE,1
ARGDEU,1
ARGDNK,1
ARGDOM,1
BGDAUT,3
ARGECU,1
BGDBEL,3
ARGESP,1
ARGFIN,1
ARGFRA,1
ARGGBR,1
ARGGRC,1
ARGGTM,1
ARGIDN,1
BGDBRA,3
ARGIRL,1
BGDCAN,3
BGDCHE,3
ARGISR,1
ARGITA,1
ARGJPN,1
ARGKOR,1
BGDCHL,3
BGDCOL,3
ARGMEX,1
BGDCZE,3
ARGNGA,1
ARGNLD,1
ARGNOR,1
ARGNZL,1
BGDDEU,3
ARGPER,1
BGDDNK,3
ARGPOL,1
ARGPRT,1
BGDDOM,3
BGDECU,3
BGDESP,3
BGDFIN,3
ARGSVK,1
ARGSWE,1
BGDFRA,3
BGDGBR,3
ARGUKR,1
ARGUSA,1
BGDGRC,3
BGDGTM,3
ARGZAF,1
AUSARG,1
AUSAUS,1
AUSAUT,1
AUSBEL,1
BGDIDN,3
AUSBRA,1
AUSCAN,1
AUSCHE,1
AUSCHL,1
BGDIRL,3
AUSCOL,1
AUSCZE,1
AUSDEU,1
AUSDNK,1
AUSDOM,1
BGDISR,3
AUSECU,1
BGDITA,3
AUSESP,1
AUSFIN,1
AUSFRA,1
AUSGBR,1
AUSGRC,1
AUSGTM,1
AUSIDN,1
BGDJPN,3
AUSIRL,1
BGDKOR,3
BGDMEX,3
AUSISR,1
AUSITA,1
AUSJPN,1
AUSKOR,1
BGDNGA,3
BGDNLD,3
AUSMEX,1
BGDNOR,3
AUSNGA,1
AUSNLD,1
AUSNOR,1
AUSNZL,1
BGDNZL,3
AUSPER,1
BGDPER,3
AUSPOL,1
AUSPRT,1
BGDPOL,3
BGDPRT,3
BGDSVK,3
BGDSWE,3
AUSSVK,1
AUSSWE,1
BGDUKR,3
BGDUSA,3
AUSUKR,1
AUSUSA,1
BGDZAF,3
CHNARG,3
AUSZAF,1
AUTARG,1
AUTAUS,1
AUTAUT,1
AUTBEL,1
CHNAUS,3
AUTBRA,1
AUTCAN,1
AUTCHE,1
AUTCHL,1
CHNAUT,3
AUTCOL,1
AUTCZE,1
AUTDEU,1
AUTDNK,1
AUTDOM,1
CHNBEL,3
AUTECU,1
CHNBRA,3
AUTESP,1
AUTFIN,1
AUTFRA,1
AUTGBR,1
AUTGRC,1
AUTGTM,1
AUTIDN,1
CHNCAN,3
AUTIRL,1
CHNCHE,3
CHNCHL,3
AUTISR,1
AUTITA,1
AUTJPN,1
AUTKOR,1
CHNCOL,3
CHNCZE,3
AUTMEX,1
CHNDEU,3
AUTNGA,1
AUTNLD,1
AUTNOR,1
AUTNZL,1
CHNDNK,3
AUTPER,1
CHNDOM,3
AUTPOL,1
AUTPRT,1
CHNECU,3
CHNESP,3
CHNFIN,3
CHNFRA,3
AUTSVK,1
AUTSWE,1
CHNGBR,3
CHNGRC,3
AUTUKR,1
AUTUSA,1
CHNGTM,3
CHNIDN,3
AUTZAF,1
BELARG,1
BELAUS,1
BELAUT,1
BELBEL,1
CHNIRL,3
BELBRA,1
BELCAN,1
BELCHE,1
BELCHL,1
CHNISR,3
BELCOL,1
BELCZE,1
BELDEU,1
BELDNK,1
BELDOM,1
CHNITA,3
BELECU,1
CHNJPN,3
BELESP,1
BELFIN,1
BELFRA,1
BELGBR,1
BELGRC,1
BELGTM,1
BELIDN,1
CHNKOR,3
BELIRL,1
CHNMEX,3
CHNNGA,3
BELISR,1
BELITA,1
BELJPN,1
BELKOR,1
CHNNLD,3
CHNNOR,3
BELMEX,1
CHNNZL,3
BELNGA,1
BELNLD,1
BELNOR,1
BELNZL,1
CHNPER,3
BELPER,1
CHNPOL,3
BELPOL,1
BELPRT,1
CHNPRT,3
CHNSVK,3
CHNSWE,3
CHNUKR,3
BELSVK,1
BELSWE,1
CHNUSA,3
CHNZAF,3
BELUKR,1
BELUSA,1
DZAARG,3
DZAAUS,3
BELZAF,1
DZAAUT,3
DZABEL,3
DZABRA,3
DZACAN,3
BGDBGD,4
DZACHE,3
DZACHL,3
DZACOL,3
DZACZE,3
BGDCHN,4
DZADEU,3
DZADNK,3
DZADOM,3
DZAECU,3
DZAESP,3
BGDDZA,4
DZAFIN,3
BGDEGY,4
DZAFRA,3
DZAGBR,3
DZAGRC,3
DZAGTM,3
DZAIDN,3
DZAIRL,3
DZAISR,3
BGDIND,4
DZAITA,3
BGDIRN,4
BGDIRQ,4
DZAJPN,3
DZAKOR,3
DZAMEX,3
DZANGA,3
BGDLBY,4
BGDMAR,4
DZANLD,3
BGDMYS,4
DZANOR,3
DZANZL,3
DZAPER,3
DZAPOL,3
BGDPAK,4
DZAPRT,3
BGDPHL,4
DZASVK,3
DZASWE,3
BGDRUS,4
BGDSAU,4
BGDSDN,4
BGDSGP,4
DZAUKR,3
DZAUSA,3
BGDTHA,4
BGDTUR,4
DZAZAF,3
EGYARG,3
BGDVEN,4
BGDVNM,4
EGYAUS,3
BRAARG,1
BRAAUS,1
BRAAUT,1
BRABEL,1
EGYAUT,3
BRABRA,1
BRACAN,1
BRACHE,1
BRACHL,1
EGYBEL,3
BRACOL,1
BRACZE,1
BRADEU,1
BRADNK,1
BRADOM,1
EGYBRA,3
BRAECU,1
EGYCAN,3
BRAESP,1
BRAFIN,1
BRAFRA,1
BRAGBR,1
BRAGRC,1
BRAGTM,1
BRAIDN,1
EGYCHE,3
BRAIRL,1
EGYCHL,3
EGYCOL,3
BRAISR,1
BRAITA,1
BRAJPN,1
BRAKOR,1
EGYCZE,3
EGYDEU,3
BRAMEX,1
EGYDNK,3
BRANGA,1
BRANLD,1
BRANOR,1
BRANZL,1
EGYDOM,3
BRAPER,1
EGYECU,3
BRAPOL,1
BRAPRT,1
EGYESP,3
EGYFIN,3
EGYFRA,3
EGYGBR,3
BRASVK,1
BRASWE,1
EGYGRC,3
EGYGTM,3
BRAUKR,1
BRAUSA,1
EGYIDN,3
EGYIRL,3
BRAZAF,1
CANARG,1
CANAUS,1
CANAUT,1
CANBEL,1
EGYISR,3
CANBRA,1
CANCAN,1
CANCHE,1
CANCHL,1
EGYITA,3
CANCOL,1
CANCZE,1
CANDEU,1
CANDNK,1
CANDOM,1
EGYJPN,3
CANECU,1
EGYKOR,3
CANESP,1
CANFIN,1
CANFRA,1
CANGBR,1
CANGRC,1
CANGTM,1
CANIDN,1
EGYMEX,3
CANIRL,1
EGYNGA,3
EGYNLD,3
CANISR,1
CANITA,1
CANJPN,1
CANKOR,1
EGYNOR,3
EGYNZL,3
CANMEX,1
EGYPER,3
CANNGA,1
CANNLD,1
CANNOR,1
CANNZL,1
EGYPOL,3
CANPER,1
EGYPRT,3
CANPOL,1
CANPRT,1
EGYSVK,3
EGYSWE,3
EGYUKR,3
EGYUSA,3
CANSVK,1
CANSWE,1
EGYZAF,3
INDARG,3
CANUKR,1
CANUSA,1
INDAUS,3
INDAUT,3
CANZAF,1
CHEARG,1
CHEAUS,1
CHEAUT,1
CHEBEL,1
INDBEL,3
CHEBRA,1
CHECAN,1
CHECHE,1
CHECHL,1
INDBRA,3
CHECOL,1
CHECZE,1
CHEDEU,1
CHEDNK,1
CHEDOM,1
INDCAN,3
CHEECU,1
INDCHE,3
CHEESP,1
CHEFIN,1
CHEFRA,1
CHEGBR,1
CHEGRC,1
CHEGTM,1
CHEIDN,1
INDCHL,3
CHEIRL,1
INDCOL,3
INDCZE,3
CHEISR,1
CHEITA,1
CHEJPN,1
CHEKOR,1
INDDEU,3
INDDNK,3
CHEMEX,1
INDDOM,3
CHENGA,1
CHENLD,1
CHENOR,1
CHENZL,1
INDECU,3
CHEPER,1
INDESP,3
CHEPOL,1
CHEPRT,1
INDFIN,3
INDFRA,3
INDGBR,3
INDGRC,3
CHESVK,1
CHESWE,1
INDGTM,3
INDIDN,3
CHEUKR,1
CHEUSA,1
INDIRL,3
INDISR,3
CHEZAF,1
CHLARG,1
CHLAUS,1
CHLAUT,1
CHLBEL,1
INDITA,3
CHLBRA,1
CHLCAN,1
CHLCHE,1
CHLCHL,1
INDJPN,3
CHLCOL,1
CHLCZE,1
CHLDEU,1
CHLDNK,1
CHLDOM,1
INDKOR,3
CHLECU,1
INDMEX,3
CHLESP,1
CHLFIN,1
CHLFRA,1
CHLGBR,1
CHLGRC,1
CHLGTM,1
CHLIDN,1
INDNGA,3
CHLIRL,1
INDNLD,3
INDNOR,3
CHLISR,1
CHLITA,1
CHLJPN,1
CHLKOR,1
INDNZL,3
INDPER,3
CHLMEX,1
INDPOL,3
CHLNGA,1
CHLNLD,1
CHLNOR,1
CHLNZL,1
INDPRT,3
CHLPER,1
INDSVK,3
CHLPOL,1
CHLPRT,1
INDSWE,3
INDUKR,3
INDUSA,3
INDZAF,3
CHLSVK,1
CHLSWE,1
IRNARG,3
IRNAUS,3
CHLUKR,1
CHLUSA,1
IRNAUT,3
IRNBEL,3
CHLZAF,1
IRNBRA,3
IRNCAN,3
IRNCHE,3
IRNCHL,3
CHNBGD,4
IRNCOL,3
IRNCZE,3
IRNDEU,3
IRNDNK,3
CHNCHN,4
IRNDOM,3
IRNECU,3
IRNESP,3
IRNFIN,3
IRNFRA,3
CHNDZA,4
IRNGBR,3
CHNEGY,4
IRNGRC,3
IRNGTM,3
IRNIDN,3
IRNIRL,3
IRNISR,3
IRNITA,3
IRNJPN,3
CHNIND,4
IRNKOR,3
CHNIRN,4
CHNIRQ,4
IRNMEX,3
IRNNGA,3
IRNNLD,3
IRNNOR,3
CHNLBY,4
CHNMAR,4
IRNNZL,3
CHNMYS,4
IRNPER,3
IRNPOL,3
IRNPRT,3
IRNSVK,3
CHNPAK,4
IRNSWE,3
CHNPHL,4
IRNUKR,3
IRNUSA,3
CHNRUS,4
CHNSAU,4
CHNSDN,4
CHNSGP,4
IRNZAF,3
IRQARG,3
CHNTHA,4
CHNTUR,4
IRQAUS,3
IRQAUT,3
CHNVEN,4
CHNVNM,4
IRQBEL,3
COLARG,1
COLAUS,1
COLAUT,1
COLBEL,1
IRQBRA,3
COLBRA,1
COLCAN,1
COLCHE,1
COLCHL,1
IRQCAN,3
COLCOL,1
COLCZE,1
COLDEU,1
COLDNK,1
COLDOM,1
IRQCHE,3
COLECU,1
IRQCHL,3
COLESP,1
COLFIN,1
COLFRA,1
COLGBR,1
COLGRC,1
COLGTM,1
COLIDN,1
IRQCOL,3
COLIRL,1
IRQCZE,3
IRQDEU,3
COLISR,1
COLITA,1
COLJPN,1
COLKOR,1
IRQDNK,3
IRQDOM,3
COLMEX,1
IRQECU,3
COLNGA,1
COLNLD,1
COLNOR,1
COLNZL,1
IRQESP,3
COLPER,1
IRQFIN,3
COLPOL,1
COLPRT,1
IRQFRA,3
IRQGBR,3
IRQGRC,3
IRQGTM,3
COLSVK,1
COLSWE,1
IRQIDN,3
IRQIRL,3
COLUKR,1
COLUSA,1
IRQISR,3
IRQITA,3
COLZAF,1
CZEARG,1
CZEAUS,1
CZEAUT,1
CZEBEL,1
IRQJPN,3
CZEBRA,1
CZECAN,1
CZECHE,1
CZECHL,1
IRQKOR,3
CZECOL,1
CZECZE,1
CZEDEU,1
CZEDNK,1
CZEDOM,1
IRQMEX,3
CZEECU,1
IRQNGA,3
CZEESP,1
CZEFIN,1
CZEFRA,1
CZEGBR,1
CZEGRC,1
CZEGTM,1
CZEIDN,1
IRQNLD,3
CZEIRL,1
IRQNOR,3
IRQNZL,3
CZEISR,1
CZEITA,1
CZEJPN,1
CZEKOR,1
IRQPER,3
IRQPOL,3
CZEMEX,1
IRQPRT,3
CZENGA,1
CZENLD,1
CZENOR,1
CZENZL,1
IRQSVK,3
CZEPER,1
IRQSWE,3
CZEPOL,1
CZEPRT,1
IRQUKR,3
IRQUSA,3
IRQZAF,3
LBYARG,3
CZESVK,1
CZESWE,1
LBYAUS,3
LBYAUT,3
CZEUKR,1
CZEUSA,1
LBYBEL,3
LBYBRA,3
CZEZAF,1
DEUARG,1
DEUAUS,1
DEUAUT,1
DEUBEL,1
LBYCAN,3
DEUBRA,1
DEUCAN,1
DEUCHE,1
DEUCHL,1
LBYCHE,3
DEUCOL,1
DEUCZE,1
DEUDEU,1
DEUDNK,1
DEUDOM,1
LBYCHL,3
DEUECU,1
LBYCOL,3
DEUESP,1
DEUFIN,1
DEUFRA,1
DEUGBR,1
DEUGRC,1
DEUGTM,1
DEUIDN,1
LBYCZE,3
DEUIRL,1
LBYDEU,3
LBYDNK,3
DEUISR,1
DEUITA,1
DEUJPN,1
DEUKOR,1
LBYDOM,3
LBYECU,3
DEUMEX,1
LBYESP,3
DEUNGA,1
DEUNLD,1
DEUNOR,1
DEUNZL,1
LBYFIN,3
DEUPER,1
LBYFRA,3
DEUPOL,1
DEUPRT,1
LBYGBR,3
LBYGRC,3
LBYGTM,3
LBYIDN,3
DEUSVK,1
DEUSWE,1
LBYIRL,3
LBYISR,3
DEUUKR,1
DEUUSA,1
LBYITA,3
LBYJPN,3
DEUZAF,1
DNKARG,1
DNKAUS,1
DNKAUT,1
DNKBEL,1
LBYKOR,3
DNKBRA,1
DNKCAN,1
DNKCHE,1
DNKCHL,1
LBYMEX,3
DNKCOL,1
DNKCZE,1
DNKDEU,1
DNKDNK,1
DNKDOM,1
LBYNGA,3
DNKECU,1
LBYNLD,3
DNKESP,1
DNKFIN,1
DNKFRA,1
DNKGBR,1
DNKGRC,1
DNKGTM,1
DNKIDN,1
LBYNOR,3
DNKIRL,1
LBYNZL,3
LBYPER,3
DNKISR,1
DNKITA,1
DNKJPN,1
DNKKOR,1
LBYPOL,3
LBYPRT,3
DNKMEX,1
LBYSVK,3
DNKNGA,1
DNKNLD,1
DNKNOR,1
DNKNZL,1
LBYSWE,3
DNKPER,1
LBYUKR,3
DNKPOL,1
DNKPRT,1
LBYUSA,3
LBYZAF,3
MARARG,3
MARAUS,3
DNKSVK,1
DNKSWE,1
MARAUT,3
MARBEL,3
DNKUKR,1
DNKUSA,1
MARBRA,3
MARCAN,3
DNKZAF,1
DOMARG,1
DOMAUS,1
DOMAUT,1
DOMBEL,1
MARCHE,3
DOMBRA,1
DOMCAN,1
DOMCHE,1
DOMCHL,1
MARCHL,3
DOMCOL,1
DOMCZE,1
DOMDEU,1
DOMDNK,1
DOMDOM,1
MARCOL,3
DOMECU,1
MARCZE,3
DOMESP,1
DOMFIN,1
DOMFRA,1
DOMGBR,1
DOMGRC,1
DOMGTM,1
DOMIDN,1
MARDEU,3
DOMIRL,1
MARDNK,3
MARDOM,3
DOMISR,1
DOMITA,1
DOMJPN,1
DOMKOR,1
MARECU,3
MARESP,3
DOMMEX,1
MARFIN,3
DOMNGA,1
DOMNLD,1
DOMNOR,1
DOMNZL,1
MARFRA,3
DOMPER,1
MARGBR,3
DOMPOL,1
DOMPRT,1
MARGRC,3
MARGTM,3
MARIDN,3
MARIRL,3
DOMSVK,1
DOMSWE,1
MARISR,3
MARITA,3
DOMUKR,1
DOMUSA,1
MARJPN,3
MARKOR,3
DOMZAF,1
MARMEX,3
MARNGA,3
MARNLD,3
MARNOR,3
DZABGD,4
MARNZL,3
MARPER,3
MARPOL,3
MARPRT,3
DZACHN,4
MARSVK,3
MARSWE,3
MARUKR,3
MARUSA,3
MARZAF,3
DZADZA,4
MYSARG,3
DZAEGY,4
MYSAUS,3
MYSAUT,3
MYSBEL,3
MYSBRA,3
MYSCAN,3
MYSCHE,3
MYSCHL,3
DZAIND,4
MYSCOL,3
DZAIRN,4
DZAIRQ,4
MYSCZE,3
MYSDEU,3
MYSDNK,3
MYSDOM,3
DZALBY,4
DZAMAR,4
MYSECU,3
DZAMYS,4
MYSESP,3
MYSFIN,3
MYSFRA,3
MYSGBR,3
DZAPAK,4
MYSGRC,3
DZAPHL,4
MYSGTM,3
MYSIDN,3
DZARUS,4
DZASAU,4
DZASDN,4
DZASGP,4
MYSIRL,3
MYSISR,3
DZATHA,4
DZATUR,4
MYSITA,3
MYSJPN,3
DZAVEN,4
DZAVNM,4
MYSKOR,3
ECUARG,1
ECUAUS,1
ECUAUT,1
ECUBEL,1
MYSMEX,3
ECUBRA,1
ECUCAN,1
ECUCHE,1
ECUCHL,1
MYSNGA,3
ECUCOL,1
ECUCZE,1
ECUDEU,1
ECUDNK,1
ECUDOM,1
MYSNLD,3
ECUECU,1
MYSNOR,3
ECUESP,1
ECUFIN,1
ECUFRA,1
ECUGBR,1
ECUGRC,1
ECUGTM,1
ECUIDN,1
MYSNZL,3
ECUIRL,1
MYSPER,3
MYSPOL,3
ECUISR,1
ECUITA,1
ECUJPN,1
ECUKOR,1
MYSPRT,3
MYSSVK,3
ECUMEX,1
MYSSWE,3
ECUNGA,1
ECUNLD,1
ECUNOR,1
ECUNZL,1
MYSUKR,3
ECUPER,1
MYSUSA,3
ECUPOL,1
ECUPRT,1
MYSZAF,3
PAKARG,3
PAKAUS,3
PAKAUT,3
ECUSVK,1
ECUSWE,1
PAKBEL,3
PAKBRA,3
ECUUKR,1
ECUUSA,1
PAKCAN,3
PAKCHE,3
ECUZAF,1
PAKCHL,3
PAKCOL,3
PAKCZE,3
PAKDEU,3
EGYBGD,4
PAKDNK,3
PAKDOM,3
PAKECU,3
PAKESP,3
EGYCHN,4
PAKFIN,3
PAKFRA,3
PAKGBR,3
PAKGRC,3
PAKGTM,3
EGYDZA,4
PAKIDN,3
EGYEGY,4
PAKIRL,3
PAKISR,3
PAKITA,3
PAKJPN,3
PAKKOR,3
PAKMEX,3
PAKNGA,3
EGYIND,4
PAKNLD,3
EGYIRN,4
EGYIRQ,4
PAKNOR,3
PAKNZL,3
PAKPER,3
PAKPOL,3
EGYLBY,4
EGYMAR,4
PAKPRT,3
EGYMYS,4
PAKSVK,3
PAKSWE,3
PAKUKR,3
PAKUSA,3
EGYPAK,4
PAKZAF,3
EGYPHL,4
PHLARG,3
PHLAUS,3
EGYRUS,4
EGYSAU,4
EGYSDN,4
EGYSGP,4
PHLAUT,3
PHLBEL,3
EGYTHA,4
EGYTUR,4
PHLBRA,3
PHLCAN,3
EGYVEN,4
EGYVNM,4
PHLCHE,3
ESPARG,1
ESPAUS,1
ESPAUT,1
ESPBEL,1
PHLCHL,3
ESPBRA,1
ESPCAN,1
ESPCHE,1
ESPCHL,1
PHLCOL,3
ESPCOL,1
ESPCZE,1
ESPDEU,1
ESPDNK,1
ESPDOM,1
PHLCZE,3
ESPECU,1
PHLDEU,3
ESPESP,1
ESPFIN,1
ESPFRA,1
ESPGBR,1
ESPGRC,1
ESPGTM,1
ESPIDN,1
PHLDNK,3
ESPIRL,1
PHLDOM,3
PHLECU,3
ESPISR,1
ESPITA,1
ESPJPN,1
ESPKOR,1
PHLESP,3
PHLFIN,3
ESPMEX,1
PHLFRA,3
ESPNGA,1
ESPNLD,1
ESPNOR,1
ESPNZL,1
PHLGBR,3
ESPPER,1
PHLGRC,3
ESPPOL,1
ESPPRT,1
PHLGTM,3
PHLIDN,3
PHLIRL,3
PHLISR,3
ESPSVK,1
ESPSWE,1
PHLITA,3
PHLJPN,3
ESPUKR,1
ESPUSA,1
PHLKOR,3
PHLMEX,3
ESPZAF,1
FINARG,1
FINAUS,1
FINAUT,1
FINBEL,1
PHLNGA,3
FINBRA,1
FINCAN,1
FINCHE,1
FINCHL,1
PHLNLD,3
FINCOL,1
FINCZE,1
FINDEU,1
FINDNK,1
FINDOM,1
PHLNOR,3
FINECU,1
PHLNZL,3
FINESP,1
FINFIN,1
FINFRA,1
FINGBR,1
FINGRC,1
FINGTM,1
FINIDN,1
PHLPER,3
FINIRL,1
PHLPOL,3
PHLPRT,3
FINISR,1
FINITA,1
FINJPN,1
FINKOR,1
PHLSVK,3
PHLSWE,3
FINMEX,1
PHLUKR,3
FINNGA,1
FINNLD,1
FINNOR,1
FINNZL,1
PHLUSA,3
FINPER,1
PHLZAF,3
FINPOL,1
FINPRT,1
RUSARG,3
RUSAUS,3
RUSAUT,3
RUSBEL,3
FINSVK,1
FINSWE,1
RUSBRA,3
RUSCAN,3
FINUKR,1
FINUSA,1
RUSCHE,3
RUSCHL,3
FINZAF,1
FRAARG,1
FRAAUS,1
FRAAUT,1
FRABEL,1
RUSCOL,3
FRABRA,1
FRACAN,1
FRACHE,1
FRACHL,1
RUSCZE,3
FRACOL,1
FRACZE,1
FRADEU,1
FRADNK,1
FRADOM,1
RUSDEU,3
FRAECU,1
RUSDNK,3
FRAESP,1
FRAFIN,1
FRAFRA,1
FRAGBR,1
FRAGRC,1
FRAGTM,1
FRAIDN,1
RUSDOM,3
FRAIRL,1
RUSECU,3
RUSESP,3
FRAISR,1
FRAITA,1
FRAJPN,1
FRAKOR,1
RUSFIN,3
RUSFRA,3
FRAMEX,1
RUSGBR,3
FRANGA,1
FRANLD,1
FRANOR,1
FRANZL,1
RUSGRC,3
FRAPER,1
RUSGTM,3
FRAPOL,1
FRAPRT,1
RUSIDN,3
RUSIRL,3
RUSISR,3
RUSITA,3
FRASVK,1
FRASWE,1
RUSJPN,3
RUSKOR,3
FRAUKR,1
FRAUSA,1
RUSMEX,3
RUSNGA,3
FRAZAF,1
GBRARG,1
GBRAUS,1
GBRAUT,1
GBRBEL,1
RUSNLD,3
GBRBRA,1
GBRCAN,1
GBRCHE,1
GBRCHL,1
RUSNOR,3
GBRCOL,1
GBRCZE,1
GBRDEU,1
GBRDNK,1
GBRDOM,1
RUSNZL,3
GBRECU,1
RUSPER,3
GBRESP,1
GBRFIN,1
GBRFRA,1
GBRGBR,1
GBRGRC,1
GBRGTM,1
GBRIDN,1
RUSPOL,3
GBRIRL,1
RUSPRT,3
RUSSVK,3
GBRISR,1
GBRITA,1
GBRJPN,1
GBRKOR,1
RUSSWE,3
RUSUKR,3
GBRMEX,1
RUSUSA,3
GBRNGA,1
GBRNLD,1
GBRNOR,1
GBRNZL,1
RUSZAF,3
GBRPER,1
SAUARG,3
GBRPOL,1
GBRPRT,1
SAUAUS,3
SAUAUT,3
SAUBEL,3
SAUBRA,3
GBRSVK,1
GBRSWE,1
SAUCAN,3
SAUCHE,3
GBRUKR,1
GBRUSA,1
SAUCHL,3
SAUCOL,3
GBRZAF,1
GRCARG,1
GRCAUS,1
GRCAUT,1
GRCBEL,1
SAUCZE,3
GRCBRA,1
GRCCAN,1
GRCCHE,1
GRCCHL,1
SAUDEU,3
GRCCOL,1
GRCCZE,1
GRCDEU,1
GRCDNK,1
GRCDOM,1
SAUDNK,3
GRCECU,1
SAUDOM,3
GRCESP,1
GRCFIN,1
GRCFRA,1
GRCGBR,1
GRCGRC,1
GRCGTM,1
GRCIDN,1
SAUECU,3
GRCIRL,1
SAUESP,3
SAUFIN,3
GRCISR,1
GRCITA,1
GRCJPN,1
GRCKOR,1
SAUFRA,3
SAUGBR,3
GRCMEX,1
SAUGRC,3
GRCNGA,1
GRCNLD,1
GRCNOR,1
GRCNZL,1
SAUGTM,3
GRCPER,1
SAUIDN,3
GRCPOL,1
GRCPRT,1
SAUIRL,3
SAUISR,3
SAUITA,3
SAUJPN,3
GRCSVK,1
GRCSWE,1
SAUKOR,3
SAUMEX,3
GRCUKR,1
GRCUSA,1
SAUNGA,3
SAUNLD,3
GRCZAF,1
GTMARG,1
GTMAUS,1
GTMAUT,1
GTMBEL,1
SAUNOR,3
GTMBRA,1
GTMCAN,1
GTMCHE,1
GTMCHL,1
SAUNZL,3
GTMCOL,1
GTMCZE,1
GTMDEU,1
GTMDNK,1
GTMDOM,1
SAUPER,3
GTMECU,1
SAUPOL,3
GTMESP,1
GTMFIN,1
GTMFRA,1
GTMGBR,1
GTMGRC,1
GTMGTM,1
GTMIDN,1
SAUPRT,3
GTMIRL,1
SAUSVK,3
SAUSWE,3
GTMISR,1
GTMITA,1
GTMJPN,1
GTMKOR,1
SAUUKR,3
SAUUSA,3
GTMMEX,1
SAUZAF,3
GTMNGA,1
GTMNLD,1
GTMNOR,1
GTMNZL,1
SDNARG,3
GTMPER,1
SDNAUS,3
GTMPOL,1
GTMPRT,1
SDNAUT,3
SDNBEL,3
SDNBRA,3
SDNCAN,3
GTMSVK,1
GTMSWE,1
SDNCHE,3
SDNCHL,3
GTMUKR,1
GTMUSA,1
SDNCOL,3
SDNCZE,3
GTMZAF,1
IDNARG,1
IDNAUS,1
IDNAUT,1
IDNBEL,1
SDNDEU,3
IDNBRA,1
IDNCAN,1
IDNCHE,1
IDNCHL,1
SDNDNK,3
IDNCOL,1
IDNCZE,1
IDNDEU,1
IDNDNK,1
IDNDOM,1
SDNDOM,3
IDNECU,1
SDNECU,3
IDNESP,1
IDNFIN,1
IDNFRA,1
IDNGBR,1
IDNGRC,1
IDNGTM,1
IDNIDN,1
SDNESP,3
IDNIRL,1
SDNFIN,3
SDNFRA,3
IDNISR,1
IDNITA,1
IDNJPN,1
IDNKOR,1
SDNGBR,3
SDNGRC,3
IDNMEX,1
SDNGTM,3
IDNNGA,1
IDNNLD,1
IDNNOR,1
IDNNZL,1
SDNIDN,3
IDNPER,1
SDNIRL,3
IDNPOL,1
IDNPRT,1
SDNISR,3
SDNITA,3
SDNJPN,3
SDNKOR,3
IDNSVK,1
IDNSWE,1
SDNMEX,3
SDNNGA,3
IDNUKR,1
IDNUSA,1
SDNNLD,3
SDNNOR,3
IDNZAF,1
SDNNZL,3
SDNPER,3
SDNPOL,3
SDNPRT,3
INDBGD,4
SDNSVK,3
SDNSWE,3
SDNUKR,3
SDNUSA,3
INDCHN,4
SDNZAF,3
SGPARG,3
SGPAUS,3
SGPAUT,3
SGPBEL,3
INDDZA,4
SGPBRA,3
INDEGY,4
SGPCAN,3
SGPCHE,3
SGPCHL,3
SGPCOL,3
SGPCZE,3
SGPDEU,3
SGPDNK,3
INDIND,4
SGPDOM,3
INDIRN,4
INDIRQ,4
SGPECU,3
SGPESP,3
SGPFIN,3
SGPFRA,3
INDLBY,4
INDMAR,4
SGPGBR,3
INDMYS,4
SGPGRC,3
SGPGTM,3
SGPIDN,3
SGPIRL,3
INDPAK,4
SGPISR,3
INDPHL,4
SGPITA,3
SGPJPN,3
INDRUS,4
INDSAU,4
INDSDN,4
INDSGP,4
SGPKOR,3
SGPMEX,3
INDTHA,4
INDTUR,4
SGPNGA,3
SGPNLD,3
INDVEN,4
INDVNM,4
SGPNOR,3
IRLARG,1
IRLAUS,1
IRLAUT,1
IRLBEL,1
SGPNZL,3
IRLBRA,1
IRLCAN,1
IRLCHE,1
IRLCHL,1
SGPPER,3
IRLCOL,1
IRLCZE,1
IRLDEU,1
IRLDNK,1
IRLDOM,1
SGPPOL,3
IRLECU,1
SGPPRT,3
IRLESP,1
IRLFIN,1
IRLFRA,1
IRLGBR,1
IRLGRC,1
IRLGTM,1
IRLIDN,1
SGPSVK,3
IRLIRL,1
SGPSWE,3
SGPUKR,3
IRLISR,1
IRLITA,1
IRLJPN,1
IRLKOR,1
SGPUSA,3
SGPZAF,3
IRLMEX,1
THAARG,3
IRLNGA,1
IRLNLD,1
IRLNOR,1
IRLNZL,1
THAAUS,3
IRLPER,1
THAAUT,3
IRLPOL,1
IRLPRT,1
THABEL,3
THABRA,3
THACAN,3
THACHE,3
IRLSVK,1
IRLSWE,1
THACHL,3
THACOL,3
IRLUKR,1
IRLUSA,1
THACZE,3
THADEU,3
IRLZAF,1
THADNK,3
THADOM,3
THAECU,3
THAESP,3
IRNBGD,4
THAFIN,3
THAFRA,3
THAGBR,3
THAGRC,3
IRNCHN,4
THAGTM,3
THAIDN,3
THAIRL,3
THAISR,3
THAITA,3
IRNDZA,4
THAJPN,3
IRNEGY,4
THAKOR,3
THAMEX,3
THANGA,3
THANLD,3
THANOR,3
THANZL,3
THAPER,3
IRNIND,4
THAPOL,3
IRNIRN,4
IRNIRQ,4
THAPRT,3
THASVK,3
THASWE,3
THAUKR,3
IRNLBY,4
IRNMAR,4
THAUSA,3
IRNMYS,4
THAZAF,3
TURARG,3
TURAUS,3
TURAUT,3
IRNPAK,4
TURBEL,3
IRNPHL,4
TURBRA,3
TURCAN,3
IRNRUS,4
IRNSAU,4
IRNSDN,4
IRNSGP,4
TURCHE,3
TURCHL,3
IRNTHA,4
IRNTUR,4
TURCOL,3
TURCZE,3
IRNVEN,4
IRNVNM,4
TURDEU,3
TURDNK,3
TURDOM,3
TURECU,3
TURESP,3
IRQBGD,4
TURFIN,3
TURFRA,3
TURGBR,3
TURGRC,3
IRQCHN,4
TURGTM,3
TURIDN,3
TURIRL,3
TURISR,3
TURITA,3
IRQDZA,4
TURJPN,3
IRQEGY,4
TURKOR,3
TURMEX,3
TURNGA,3
TURNLD,3
TURNOR,3
TURNZL,3
TURPER,3
IRQIND,4
TURPOL,3
IRQIRN,4
IRQIRQ,4
TURPRT,3
TURSVK,3
TURSWE,3
TURUKR,3
IRQLBY,4
IRQMAR,4
TURUSA,3
IRQMYS,4
TURZAF,3
VENARG,3
VENAUS,3
VENAUT,3
IRQPAK,4
VENBEL,3
IRQPHL,4
VENBRA,3
VENCAN,3
IRQRUS,4
IRQSAU,4
IRQSDN,4
IRQSGP,4
VENCHE,3
VENCHL,3
IRQTHA,4
IRQTUR,4
VENCOL,3
VENCZE,3
IRQVEN,4
IRQVNM,4
VENDEU,3
ISRARG,1
ISRAUS,1
ISRAUT,1
ISRBEL,1
VENDNK,3
ISRBRA,1
ISRCAN,1
ISRCHE,1
ISRCHL,1
VENDOM,3
ISRCOL,1
ISRCZE,1
ISRDEU,1
ISRDNK,1
ISRDOM,1
VENECU,3
ISRECU,1
VENESP,3
ISRESP,1
ISRFIN,1
ISRFRA,1
ISRGBR,1
ISRGRC,1
ISRGTM,1
ISRIDN,1
VENFIN,3
ISRIRL,1
VENFRA,3
VENGBR,3
ISRISR,1
ISRITA,1
ISRJPN,1
ISRKOR,1
VENGRC,3
VENGTM,3
ISRMEX,1
VENIDN,3
ISRNGA,1
ISRNLD,1
ISRNOR,1
ISRNZL,1
VENIRL,3
ISRPER,1
VENISR,3
ISRPOL,1
ISRPRT,1
VENITA,3
VENJPN,3
VENKOR,3
VENMEX,3
ISRSVK,1
ISRSWE,1
VENNGA,3
VENNLD,3
ISRUKR,1
ISRUSA,1
VENNOR,3
VENNZL,3
ISRZAF,1
ITAARG,1
ITAAUS,1
ITAAUT,1
ITABEL,1
VENPER,3
ITABRA,1
ITACAN,1
ITACHE,1
ITACHL,1
VENPOL,3
ITACOL,1
ITACZE,1
ITADEU,1
ITADNK,1
ITADOM,1
VENPRT,3
ITAECU,1
VENSVK,3
ITAESP,1
ITAFIN,1
ITAFRA,1
ITAGBR,1
ITAGRC,1
ITAGTM,1
ITAIDN,1
VENSWE,3
ITAIRL,1
VENUKR,3
VENUSA,3
ITAISR,1
ITAITA,1
ITAJPN,1
ITAKOR,1
VENZAF,3
VNMARG,3
ITAMEX,1
VNMAUS,3
ITANGA,1
ITANLD,1
ITANOR,1
ITANZL,1
VNMAUT,3
ITAPER,1
VNMBEL,3
ITAPOL,1
ITAPRT,1
VNMBRA,3
VNMCAN,3
VNMCHE,3
VNMCHL,3
ITASVK,1
ITASWE,1
VNMCOL,3
VNMCZE,3
ITAUKR,1
ITAUSA,1
VNMDEU,3
VNMDNK,3
ITAZAF,1
JPNARG,1
JPNAUS,1
JPNAUT,1
JPNBEL,1
VNMDOM,3
JPNBRA,1
JPNCAN,1
JPNCHE,1
JPNCHL,1
VNMECU,3
JPNCOL,1
JPNCZE,1
JPNDEU,1
JPNDNK,1
JPNDOM,1
VNMESP,3
JPNECU,1
VNMFIN,3
JPNESP,1
JPNFIN,1
JPNFRA,1
JPNGBR,1
JPNGRC,1
JPNGTM,1
JPNIDN,1
VNMFRA,3
JPNIRL,1
VNMGBR,3
VNMGRC,3
JPNISR,1
JPNITA,1
JPNJPN,1
JPNKOR,1
VNMGTM,3
VNMIDN,3
JPNMEX,1
VNMIRL,3
JPNNGA,1
JPNNLD,1
JPNNOR,1
JPNNZL,1
VNMISR,3
JPNPER,1
VNMITA,3
JPNPOL,1
JPNPRT,1
VNMJPN,3
VNMKOR,3
VNMMEX,3
VNMNGA,3
JPNSVK,1
JPNSWE,1
VNMNLD,3
VNMNOR,3
JPNUKR,1
JPNUSA,1
VNMNZL,3
VNMPER,3
JPNZAF,1
KORARG,1
KORAUS,1
KORAUT,1
KORBEL,1
VNMPOL,3
KORBRA,1
KORCAN,1
KORCHE,1
KORCHL,1
VNMPRT,3
KORCOL,1
KORCZE,1
KORDEU,1
KORDNK,1
KORDOM,1
VNMSVK,3
KORECU,1
VNMSWE,3
KORESP,1
KORFIN,1
KORFRA,1
KORGBR,1
KORGRC,1
KORGTM,1
KORIDN,1
VNMUKR,3
KORIRL,1
VNMUSA,3
VNMZAF,3
KORISR,1
KORITA,1
KORJPN,1
KORKOR,1
ARGBGD,2
ARGCHN,2
KORMEX,1
ARGDZA,2
KORNGA,1
KORNLD,1
KORNOR,1
KORNZL,1
ARGEGY,2
KORPER,1
ARGIND,2
KORPOL,1
KORPRT,1
ARGIRN,2
ARGIRQ,2
ARGLBY,2
ARGMAR,2
KORSVK,1
KORSWE,1
ARGMYS,2
ARGPAK,2
KORUKR,1
KORUSA,1
ARGPHL,2
ARGRUS,2
KORZAF,1
ARGSAU,2
ARGSDN,2
ARGSGP,2
ARGTHA,2
LBYBGD,4
ARGTUR,2
ARGVEN,2
ARGVNM,2
AUSBGD,2
LBYCHN,4
AUSCHN,2
AUSDZA,2
AUSEGY,2
AUSIND,2
AUSIRN,2
LBYDZA,4
AUSIRQ,2
LBYEGY,4
AUSLBY,2
AUSMAR,2
AUSMYS,2
AUSPAK,2
AUSPHL,2
AUSRUS,2
AUSSAU,2
LBYIND,4
AUSSDN,2
LBYIRN,4
LBYIRQ,4
AUSSGP,2
AUSTHA,2
AUSTUR,2
AUSVEN,2
LBYLBY,4
LBYMAR,4
AUSVNM,2
LBYMYS,4
AUTBGD,2
AUTCHN,2
AUTDZA,2
AUTEGY,2
LBYPAK,4
AUTIND,2
LBYPHL,4
AUTIRN,2
AUTIRQ,2
LBYRUS,4
LBYSAU,4
LBYSDN,4
LBYSGP,4
AUTLBY,2
AUTMAR,2
LBYTHA,4
LBYTUR,4
AUTMYS,2
AUTPAK,2
LBYVEN,4
LBYVNM,4
AUTPHL,2
AUTRUS,2
AUTSAU,2
AUTSDN,2
AUTSGP,2
MARBGD,4
AUTTHA,2
AUTTUR,2
AUTVEN,2
AUTVNM,2
MARCHN,4
BELBGD,2
BELCHN,2
BELDZA,2
BELEGY,2
BELIND,2
MARDZA,4
BELIRN,2
MAREGY,4
BELIRQ,2
BELLBY,2
BELMAR,2
BELMYS,2
BELPAK,2
BELPHL,2
BELRUS,2
MARIND,4
BELSAU,2
MARIRN,4
MARIRQ,4
BELSDN,2
BELSGP,2
BELTHA,2
BELTUR,2
MARLBY,4
MARMAR,4
BELVEN,2
MARMYS,4
BELVNM,2
BRABGD,2
BRACHN,2
BRADZA,2
MARPAK,4
BRAEGY,2
MARPHL,4
BRAIND,2
BRAIRN,2
MARRUS,4
MARSAU,4
MARSDN,4
MARSGP,4
BRAIRQ,2
BRALBY,2
MARTHA,4
MARTUR,4
BRAMAR,2
BRAMYS,2
MARVEN,4
MARVNM,4
BRAPAK,2
MEXARG,1
MEXAUS,1
MEXAUT,1
MEXBEL,1
BRAPHL,2
MEXBRA,1
MEXCAN,1
MEXCHE,1
MEXCHL,1
BRARUS,2
MEXCOL,1
MEXCZE,1
MEXDEU,1
MEXDNK,1
MEXDOM,1
BRASAU,2
MEXECU,1
BRASDN,2
MEXESP,1
MEXFIN,1
MEXFRA,1
MEXGBR,1
MEXGRC,1
MEXGTM,1
MEXIDN,1
BRASGP,2
MEXIRL,1
BRATHA,2
BRATUR,2
MEXISR,1
MEXITA,1
MEXJPN,1
MEXKOR,1
BRAVEN,2
BRAVNM,2
MEXMEX,1
CANBGD,2
MEXNGA,1
MEXNLD,1
MEXNOR,1
MEXNZL,1
CANCHN,2
MEXPER,1
CANDZA,2
MEXPOL,1
MEXPRT,1
CANEGY,2
CANIND,2
CANIRN,2
CANIRQ,2
MEXSVK,1
MEXSWE,1
CANLBY,2
CANMAR,2
MEXUKR,1
MEXUSA,1
CANMYS,2
CANPAK,2
MEXZAF,1
CANPHL,2
CANRUS,2
CANSAU,2
CANSDN,2
MYSBGD,4
CANSGP,2
CANTHA,2
CANTUR,2
CANVEN,2
MYSCHN,4
CANVNM,2
CHEBGD,2
CHECHN,2
CHEDZA,2
CHEEGY,2
MYSDZA,4
CHEIND,2
MYSEGY,4
CHEIRN,2
CHEIRQ,2
CHELBY,2
CHEMAR,2
CHEMYS,2
CHEPAK,2
CHEPHL,2
MYSIND,4
CHERUS,2
MYSIRN,4
MYSIRQ,4
CHESAU,2
CHESDN,2
CHESGP,2
CHETHA,2
MYSLBY,4
MYSMAR,4
CHETUR,2
MYSMYS,4
CHEVEN,2
CHEVNM,2
CHLBGD,2
CHLCHN,2
MYSPAK,4
CHLDZA,2
MYSPHL,4
CHLEGY,2
CHLIND,2
MYSRUS,4
MYSSAU,4
MYSSDN,4
MYSSGP,4
CHLIRN,2
CHLIRQ,2
MYSTHA,4
MYSTUR,4
CHLLBY,2
CHLMAR,2
MYSVEN,4
MYSVNM,4
CHLMYS,2
NGAARG,1
NGAAUS,1
NGAAUT,1
NGABEL,1
CHLPAK,2
NGABRA,1
NGACAN,1
NGACHE,1
NGACHL,1
CHLPHL,2
NGACOL,1
NGACZE,1
NGADEU,1
NGADNK,1
NGADOM,1
CHLRUS,2
NGAECU,1
CHLSAU,2
NGAESP,1
NGAFIN,1
NGAFRA,1
NGAGBR,1
NGAGRC,1
NGAGTM,1
NGAIDN,1
CHLSDN,2
NGAIRL,1
CHLSGP,2
CHLTHA,2
NGAISR,1
NGAITA,1
NGAJPN,1
NGAKOR,1
CHLTUR,2
CHLVEN,2
NGAMEX,1
CHLVNM,2
NGANGA,1
NGANLD,1
NGANOR,1
NGANZL,1
COLBGD,2
NGAPER,1
COLCHN,2
NGAPOL,1
NGAPRT,1
COLDZA,2
COLEGY,2
COLIND,2
COLIRN,2
NGASVK,1
NGASWE,1
COLIRQ,2
COLLBY,2
NGAUKR,1
NGAUSA,1
COLMAR,2
COLMYS,2
NGAZAF,1
NLDARG,1
NLDAUS,1
NLDAUT,1
NLDBEL,1
COLPAK,2
NLDBRA,1
NLDCAN,1
NLDCHE,1
NLDCHL,1
COLPHL,2
NLDCOL,1
NLDCZE,1
NLDDEU,1
NLDDNK,1
NLDDOM,1
COLRUS,2
NLDECU,1
COLSAU,2
NLDESP,1
NLDFIN,1
NLDFRA,1
NLDGBR,1
NLDGRC,1
NLDGTM,1
NLDIDN,1
COLSDN,2
NLDIRL,1
COLSGP,2
COLTHA,2
NLDISR,1
NLDITA,1
NLDJPN,1
NLDKOR,1
COLTUR,2
COLVEN,2
NLDMEX,1
COLVNM,2
NLDNGA,1
NLDNLD,1
NLDNOR,1
NLDNZL,1
CZEBGD,2
NLDPER,1
CZECHN,2
NLDPOL,1
NLDPRT,1
CZEDZA,2
CZEEGY,2
CZEIND,2
CZEIRN,2
NLDSVK,1
NLDSWE,1
CZEIRQ,2
CZELBY,2
NLDUKR,1
NLDUSA,1
CZEMAR,2
CZEMYS,2
NLDZAF,1
NORARG,1
NORAUS,1
NORAUT,1
NORBEL,1
CZEPAK,2
NORBRA,1
NORCAN,1
NORCHE,1
NORCHL,1
CZEPHL,2
NORCOL,1
NORCZE,1
NORDEU,1
NORDNK,1
NORDOM,1
CZERUS,2
NORECU,1
CZESAU,2
NORESP,1
NORFIN,1
NORFRA,1
NORGBR,1
NORGRC,1
NORGTM,1
NORIDN,1
CZESDN,2
NORIRL,1
CZESGP,2
CZETHA,2
NORISR,1
NORITA,1
NORJPN,1
NORKOR,1
CZETUR,2
CZEVEN,2
NORMEX,1
CZEVNM,2
NORNGA,1
NORNLD,1
NORNOR,1
NORNZL,1
DEUBGD,2
NORPER,1
DEUCHN,2
NORPOL,1
NORPRT,1
DEUDZA,2
DEUEGY,2
DEUIND,2
DEUIRN,2
NORSVK,1
NORSWE,1
DEUIRQ,2
DEULBY,2
NORUKR,1
NORUSA,1
DEUMAR,2
DEUMYS,2
NORZAF,1
NZLARG,1
NZLAUS,1
NZLAUT,1
NZLBEL,1
DEUPAK,2
NZLBRA,1
NZLCAN,1
NZLCHE,1
NZLCHL,1
DEUPHL,2
NZLCOL,1
NZLCZE,1
NZLDEU,1
NZLDNK,1
NZLDOM,1
DEURUS,2
NZLECU,1
DEUSAU,2
NZLESP,1
NZLFIN,1
NZLFRA,1
NZLGBR,1
NZLGRC,1
NZLGTM,1
NZLIDN,1
DEUSDN,2
NZLIRL,1
DEUSGP,2
DEUTHA,2
NZLISR,1
NZLITA,1
NZLJPN,1
NZLKOR,1
DEUTUR,2
DEUVEN,2
NZLMEX,1
DEUVNM,2
NZLNGA,1
NZLNLD,1
NZLNOR,1
NZLNZL,1
DNKBGD,2
NZLPER,1
DNKCHN,2
NZLPOL,1
NZLPRT,1
DNKDZA,2
DNKEGY,2
DNKIND,2
DNKIRN,2
NZLSVK,1
NZLSWE,1
DNKIRQ,2
DNKLBY,2
NZLUKR,1
NZLUSA,1
DNKMAR,2
DNKMYS,2
NZLZAF,1
DNKPAK,2
DNKPHL,2
DNKRUS,2
DNKSAU,2
PAKBGD,4
DNKSDN,2
DNKSGP,2
DNKTHA,2
DNKTUR,2
PAKCHN,4
DNKVEN,2
DNKVNM,2
DOMBGD,2
DOMCHN,2
DOMDZA,2
PAKDZA,4
DOMEGY,2
PAKEGY,4
DOMIND,2
DOMIRN,2
DOMIRQ,2
DOMLBY,2
DOMMAR,2
DOMMYS,2
DOMPAK,2
PAKIND,4
DOMPHL,2
PAKIRN,4
PAKIRQ,4
DOMRUS,2
DOMSAU,2
DOMSDN,2
DOMSGP,2
PAKLBY,4
PAKMAR,4
DOMTHA,2
PAKMYS,4
DOMTUR,2
DOMVEN,2
DOMVNM,2
ECUBGD,2
PAKPAK,4
ECUCHN,2
PAKPHL,4
ECUDZA,2
ECUEGY,2
PAKRUS,4
PAKSAU,4
PAKSDN,4
PAKSGP,4
ECUIND,2
ECUIRN,2
PAKTHA,4
PAKTUR,4
ECUIRQ,2
ECULBY,2
PAKVEN,4
PAKVNM,4
ECUMAR,2
PERARG,1
PERAUS,1
PERAUT,1
PERBEL,1
ECUMYS,2
PERBRA,1
PERCAN,1
PERCHE,1
PERCHL,1
ECUPAK,2
PERCOL,1
PERCZE,1
PERDEU,1
PERDNK,1
PERDOM,1
ECUPHL,2
PERECU,1
ECURUS,2
PERESP,1
PERFIN,1
PERFRA,1
PERGBR,1
PERGRC,1
PERGTM,1
PERIDN,1
ECUSAU,2
PERIRL,1
ECUSDN,2
ECUSGP,2
PERISR,1
PERITA,1
PERJPN,1
PERKOR,1
ECUTHA,2
ECUTUR,2
PERMEX,1
ECUVEN,2
PERNGA,1
PERNLD,1
PERNOR,1
PERNZL,1
ECUVNM,2
PERPER,1
ESPBGD,2
PERPOL,1
PERPRT,1
ESPCHN,2
ESPDZA,2
ESPEGY,2
ESPIND,2
PERSVK,1
PERSWE,1
ESPIRN,2
ESPIRQ,2
PERUKR,1
PERUSA,1
ESPLBY,2
ESPMAR,2
PERZAF,1
ESPMYS,2
ESPPAK,2
ESPPHL,2
ESPRUS,2
PHLBGD,4
ESPSAU,2
ESPSDN,2
ESPSGP,2
ESPTHA,2
PHLCHN,4
ESPTUR,2
ESPVEN,2
ESPVNM,2
FINBGD,2
FINCHN,2
PHLDZA,4
FINDZA,2
PHLEGY,4
FINEGY,2
FININD,2
FINIRN,2
FINIRQ,2
FINLBY,2
FINMAR,2
FINMYS,2
PHLIND,4
FINPAK,2
PHLIRN,4
PHLIRQ,4
FINPHL,2
FINRUS,2
FINSAU,2
FINSDN,2
PHLLBY,4
PHLMAR,4
FINSGP,2
PHLMYS,4
FINTHA,2
FINTUR,2
FINVEN,2
FINVNM,2
PHLPAK,4
FRABGD,2
PHLPHL,4
FRACHN,2
FRADZA,2
PHLRUS,4
PHLSAU,4
PHLSDN,4
PHLSGP,4
FRAEGY,2
FRAIND,2
PHLTHA,4
PHLTUR,4
FRAIRN,2
FRAIRQ,2
PHLVEN,4
PHLVNM,4
FRALBY,2
POLARG,1
POLAUS,1
POLAUT,1
POLBEL,1
FRAMAR,2
POLBRA,1
POLCAN,1
POLCHE,1
POLCHL,1
FRAMYS,2
POLCOL,1
POLCZE,1
POLDEU,1
POLDNK,1
POLDOM,1
FRAPAK,2
POLECU,1
FRAPHL,2
POLESP,1
POLFIN,1
POLFRA,1
POLGBR,1
POLGRC,1
POLGTM,1
POLIDN,1
FRARUS,2
POLIRL,1
FRASAU,2
FRASDN,2
POLISR,1
POLITA,1
POLJPN,1
POLKOR,1
FRASGP,2
FRATHA,2
POLMEX,1
FRATUR,2
POLNGA,1
POLNLD,1
POLNOR,1
POLNZL,1
FRAVEN,2
POLPER,1
FRAVNM,2
POLPOL,1
POLPRT,1
GBRBGD,2
GBRCHN,2
GBRDZA,2
GBREGY,2
POLSVK,1
POLSWE,1
GBRIND,2
GBRIRN,2
POLUKR,1
POLUSA,1
GBRIRQ,2
GBRLBY,2
POLZAF,1
PRTARG,1
PRTAUS,1
PRTAUT,1
PRTBEL,1
GBRMAR,2
PRTBRA,1
PRTCAN,1
PRTCHE,1
PRTCHL,1
GBRMYS,2
PRTCOL,1
PRTCZE,1
PRTDEU,1
PRTDNK,1
PRTDOM,1
GBRPAK,2
PRTECU,1
GBRPHL,2
PRTESP,1
PRTFIN,1
PRTFRA,1
PRTGBR,1
PRTGRC,1
PRTGTM,1
PRTIDN,1
GBRRUS,2
PRTIRL,1
GBRSAU,2
GBRSDN,2
PRTISR,1
PRTITA,1
PRTJPN,1
PRTKOR,1
GBRSGP,2
GBRTHA,2
PRTMEX,1
GBRTUR,2
PRTNGA,1
PRTNLD,1
PRTNOR,1
PRTNZL,1
GBRVEN,2
PRTPER,1
GBRVNM,2
PRTPOL,1
PRTPRT,1
GRCBGD,2
GRCCHN,2
GRCDZA,2
GRCEGY,2
PRTSVK,1
PRTSWE,1
GRCIND,2
GRCIRN,2
PRTUKR,1
PRTUSA,1
GRCIRQ,2
GRCLBY,2
PRTZAF,1
GRCMAR,2
GRCMYS,2
GRCPAK,2
GRCPHL,2
RUSBGD,4
GRCRUS,2
GRCSAU,2
GRCSDN,2
GRCSGP,2
RUSCHN,4
GRCTHA,2
GRCTUR,2
GRCVEN,2
GRCVNM,2
GTMBGD,2
RUSDZA,4
GTMCHN,2
RUSEGY,4
GTMDZA,2
GTMEGY,2
GTMIND,2
GTMIRN,2
GTMIRQ,2
GTMLBY,2
GTMMAR,2
RUSIND,4
GTMMYS,2
RUSIRN,4
RUSIRQ,4
GTMPAK,2
GTMPHL,2
GTMRUS,2
GTMSAU,2
RUSLBY,4
RUSMAR,4
GTMSDN,2
RUSMYS,4
GTMSGP,2
GTMTHA,2
GTMTUR,2
GTMVEN,2
RUSPAK,4
GTMVNM,2
RUSPHL,4
IDNBGD,2
IDNCHN,2
RUSRUS,4
RUSSAU,4
RUSSDN,4
RUSSGP,4
IDNDZA,2
IDNEGY,2
RUSTHA,4
RUSTUR,4
IDNIND,2
IDNIRN,2
RUSVEN,4
RUSVNM,4
IDNIRQ,2
IDNLBY,2
IDNMAR,2
IDNMYS,2
IDNPAK,2
SAUBGD,4
IDNPHL,2
IDNRUS,2
IDNSAU,2
IDNSDN,2
SAUCHN,4
IDNSGP,2
IDNTHA,2
IDNTUR,2
IDNVEN,2
IDNVNM,2
SAUDZA,4
IRLBGD,2
SAUEGY,4
IRLCHN,2
IRLDZA,2
IRLEGY,2
IRLIND,2
IRLIRN,2
IRLIRQ,2
IRLLBY,2
SAUIND,4
IRLMAR,2
SAUIRN,4
SAUIRQ,4
IRLMYS,2
IRLPAK,2
IRLPHL,2
IRLRUS,2
SAULBY,4
SAUMAR,4
IRLSAU,2
SAUMYS,4
IRLSDN,2
IRLSGP,2
IRLTHA,2
IRLTUR,2
SAUPAK,4
IRLVEN,2
SAUPHL,4
IRLVNM,2
ISRBGD,2
SAURUS,4
SAUSAU,4
SAUSDN,4
SAUSGP,4
ISRCHN,2
ISRDZA,2
SAUTHA,4
SAUTUR,4
ISREGY,2
ISRIND,2
SAUVEN,4
SAUVNM,4
ISRIRN,2
ISRIRQ,2
ISRLBY,2
ISRMAR,2
ISRMYS,2
SDNBGD,4
ISRPAK,2
ISRPHL,2
ISRRUS,2
ISRSAU,2
SDNCHN,4
ISRSDN,2
ISRSGP,2
ISRTHA,2
ISRTUR,2
ISRVEN,2
SDNDZA,4
ISRVNM,2
SDNEGY,4
ITABGD,2
ITACHN,2
ITADZA,2
ITAEGY,2
ITAIND,2
ITAIRN,2
ITAIRQ,2
SDNIND,4
ITALBY,2
SDNIRN,4
SDNIRQ,4
ITAMAR,2
ITAMYS,2
ITAPAK,2
ITAPHL,2
SDNLBY,4
SDNMAR,4
ITARUS,2
SDNMYS,4
ITASAU,2
ITASDN,2
ITASGP,2
ITATHA,2
SDNPAK,4
ITATUR,2
SDNPHL,4
ITAVEN,2
ITAVNM,2
SDNRUS,4
SDNSAU,4
SDNSDN,4
SDNSGP,4
JPNBGD,2
JPNCHN,2
SDNTHA,4
SDNTUR,4
JPNDZA,2
JPNEGY,2
SDNVEN,4
SDNVNM,4
JPNIND,2
JPNIRN,2
JPNIRQ,2
JPNLBY,2
JPNMAR,2
SGPBGD,4
JPNMYS,2
JPNPAK,2
JPNPHL,2
JPNRUS,2
SGPCHN,4
JPNSAU,2
JPNSDN,2
JPNSGP,2
JPNTHA,2
JPNTUR,2
SGPDZA,4
JPNVEN,2
SGPEGY,4
JPNVNM,2
KORBGD,2
KORCHN,2
KORDZA,2
KOREGY,2
KORIND,2
KORIRN,2
SGPIND,4
KORIRQ,2
SGPIRN,4
SGPIRQ,4
KORLBY,2
KORMAR,2
KORMYS,2
KORPAK,2
SGPLBY,4
SGPMAR,4
KORPHL,2
SGPMYS,4
KORRUS,2
KORSAU,2
KORSDN,2
KORSGP,2
SGPPAK,4
KORTHA,2
SGPPHL,4
KORTUR,2
KORVEN,2
SGPRUS,4
SGPSAU,4
SGPSDN,4
SGPSGP,4
KORVNM,2
MEXBGD,2
SGPTHA,4
SGPTUR,4
MEXCHN,2
MEXDZA,2
SGPVEN,4
SGPVNM,4
MEXEGY,2
SVKARG,1
SVKAUS,1
SVKAUT,1
SVKBEL,1
MEXIND,2
SVKBRA,1
SVKCAN,1
SVKCHE,1
SVKCHL,1
MEXIRN,2
SVKCOL,1
SVKCZE,1
SVKDEU,1
SVKDNK,1
SVKDOM,1
MEXIRQ,2
SVKECU,1
MEXLBY,2
SVKESP,1
SVKFIN,1
SVKFRA,1
SVKGBR,1
SVKGRC,1
SVKGTM,1
SVKIDN,1
MEXMAR,2
SVKIRL,1
MEXMYS,2
MEXPAK,2
SVKISR,1
SVKITA,1
SVKJPN,1
SVKKOR,1
MEXPHL,2
MEXRUS,2
SVKMEX,1
MEXSAU,2
SVKNGA,1
SVKNLD,1
SVKNOR,1
SVKNZL,1
MEXSDN,2
SVKPER,1
MEXSGP,2
SVKPOL,1
SVKPRT,1
MEXTHA,2
MEXTUR,2
MEXVEN,2
MEXVNM,2
SVKSVK,1
SVKSWE,1
NGABGD,2
NGACHN,2
SVKUKR,1
SVKUSA,1
NGADZA,2
NGAEGY,2
SVKZAF,1
SWEARG,1
SWEAUS,1
SWEAUT,1
SWEBEL,1
NGAIND,2
SWEBRA,1
SWECAN,1
SWECHE,1
SWECHL,1
NGAIRN,2
SWECOL,1
SWECZE,1
SWEDEU,1
SWEDNK,1
SWEDOM,1
NGAIRQ,2
SWEECU,1
NGALBY,2
SWEESP,1
SWEFIN,1
SWEFRA,1
SWEGBR,1
SWEGRC,1
SWEGTM,1
SWEIDN,1
NGAMAR,2
SWEIRL,1
NGAMYS,2
NGAPAK,2
SWEISR,1
SWEITA,1
SWEJPN,1
SWEKOR,1
NGAPHL,2
NGARUS,2
SWEMEX,1
NGASAU,2
SWENGA,1
SWENLD,1
SWENOR,1
SWENZL,1
NGASDN,2
SWEPER,1
NGASGP,2
SWEPOL,1
SWEPRT,1
NGATHA,2
NGATUR,2
NGAVEN,2
NGAVNM,2
SWESVK,1
SWESWE,1
NLDBGD,2
NLDCHN,2
SWEUKR,1
SWEUSA,1
NLDDZA,2
NLDEGY,2
SWEZAF,1
NLDIND,2
NLDIRN,2
NLDIRQ,2
NLDLBY,2
THABGD,4
NLDMAR,2
NLDMYS,2
NLDPAK,2
NLDPHL,2
THACHN,4
NLDRUS,2
NLDSAU,2
NLDSDN,2
NLDSGP,2
NLDTHA,2
THADZA,4
NLDTUR,2
THAEGY,4
NLDVEN,2
NLDVNM,2
NORBGD,2
NORCHN,2
NORDZA,2
NOREGY,2
NORIND,2
THAIND,4
NORIRN,2
THAIRN,4
THAIRQ,4
NORIRQ,2
NORLBY,2
NORMAR,2
NORMYS,2
THALBY,4
THAMAR,4
NORPAK,2
THAMYS,4
NORPHL,2
NORRUS,2
NORSAU,2
NORSDN,2
THAPAK,4
NORSGP,2
THAPHL,4
NORTHA,2
NORTUR,2
THARUS,4
THASAU,4
THASDN,4
THASGP,4
NORVEN,2
NORVNM,2
THATHA,4
THATUR,4
NZLBGD,2
NZLCHN,2
THAVEN,4
THAVNM,4
NZLDZA,2
NZLEGY,2
NZLIND,2
NZLIRN,2
NZLIRQ,2
TURBGD,4
NZLLBY,2
NZLMAR,2
NZLMYS,2
NZLPAK,2
TURCHN,4
NZLPHL,2
NZLRUS,2
NZLSAU,2
NZLSDN,2
NZLSGP,2
TURDZA,4
NZLTHA,2
TUREGY,4
NZLTUR,2
NZLVEN,2
NZLVNM,2
PERBGD,2
PERCHN,2
PERDZA,2
PEREGY,2
TURIND,4
PERIND,2
TURIRN,4
TURIRQ,4
PERIRN,2
PERIRQ,2
PERLBY,2
PERMAR,2
TURLBY,4
TURMAR,4
PERMYS,2
TURMYS,4
PERPAK,2
PERPHL,2
PERRUS,2
PERSAU,2
TURPAK,4
PERSDN,2
TURPHL,4
PERSGP,2
PERTHA,2
TURRUS,4
TURSAU,4
TURSDN,4
TURSGP,4
PERTUR,2
PERVEN,2
TURTHA,4
TURTUR,4
PERVNM,2
POLBGD,2
TURVEN,4
TURVNM,4
POLCHN,2
UKRARG,1
UKRAUS,1
UKRAUT,1
UKRBEL,1
POLDZA,2
UKRBRA,1
UKRCAN,1
UKRCHE,1
UKRCHL,1
POLEGY,2
UKRCOL,1
UKRCZE,1
UKRDEU,1
UKRDNK,1
UKRDOM,1
POLIND,2
UKRECU,1
POLIRN,2
UKRESP,1
UKRFIN,1
UKRFRA,1
UKRGBR,1
UKRGRC,1
UKRGTM,1
UKRIDN,1
POLIRQ,2
UKRIRL,1
POLLBY,2
POLMAR,2
UKRISR,1
UKRITA,1
UKRJPN,1
UKRKOR,1
POLMYS,2
POLPAK,2
UKRMEX,1
POLPHL,2
UKRNGA,1
UKRNLD,1
UKRNOR,1
UKRNZL,1
POLRUS,2
UKRPER,1
POLSAU,2
UKRPOL,1
UKRPRT,1
POLSDN,2
POLSGP,2
POLTHA,2
POLTUR,2
UKRSVK,1
UKRSWE,1
POLVEN,2
POLVNM,2
UKRUKR,1
UKRUSA,1
PRTBGD,2
PRTCHN,2
UKRZAF,1
USAARG,1
USAAUS,1
USAAUT,1
USABEL,1
PRTDZA,2
USABRA,1
USACAN,1
USACHE,1
USACHL,1
PRTEGY,2
USACOL,1
USACZE,1
USADEU,1
USADNK,1
USADOM,1
PRTIND,2
USAECU,1
PRTIRN,2
USAESP,1
USAFIN,1
USAFRA,1
USAGBR,1
USAGRC,1
USAGTM,1
USAIDN,1
PRTIRQ,2
USAIRL,1
PRTLBY,2
PRTMAR,2
USAISR,1
USAITA,1
USAJPN,1
USAKOR,1
PRTMYS,2
PRTPAK,2
USAMEX,1
PRTPHL,2
USANGA,1
USANLD,1
USANOR,1
USANZL,1
PRTRUS,2
USAPER,1
PRTSAU,2
USAPOL,1
USAPRT,1
PRTSDN,2
PRTSGP,2
PRTTHA,2
PRTTUR,2
USASVK,1
USASWE,1
PRTVEN,2
PRTVNM,2
USAUKR,1
USAUSA,1
SVKBGD,2
SVKCHN,2
USAZAF,1
SVKDZA,2
SVKEGY,2
SVKIND,2
SVKIRN,2
VENBGD,4
SVKIRQ,2
SVKLBY,2
SVKMAR,2
SVKMYS,2
VENCHN,4
SVKPAK,2
SVKPHL,2
SVKRUS,2
SVKSAU,2
SVKSDN,2
VENDZA,4
SVKSGP,2
VENEGY,4
SVKTHA,2
SVKTUR,2
SVKVEN,2
SVKVNM,2
SWEBGD,2
SWECHN,2
SWEDZA,2
VENIND,4
SWEEGY,2
VENIRN,4
VENIRQ,4
SWEIND,2
SWEIRN,2
SWEIRQ,2
SWELBY,2
VENLBY,4
VENMAR,4
SWEMAR,2
VENMYS,4
SWEMYS,2
SWEPAK,2
SWEPHL,2
SWERUS,2
VENPAK,4
SWESAU,2
VENPHL,4
SWESDN,2
SWESGP,2
VENRUS,4
VENSAU,4
VENSDN,4
VENSGP,4
SWETHA,2
SWETUR,2
VENTHA,4
VENTUR,4
SWEVEN,2
SWEVNM,2
VENVEN,4
VENVNM,4
UKRBGD,2
UKRCHN,2
UKRDZA,2
UKREGY,2
UKRIND,2
VNMBGD,4
UKRIRN,2
UKRIRQ,2
UKRLBY,2
UKRMAR,2
VNMCHN,4
UKRMYS,2
UKRPAK,2
UKRPHL,2
UKRRUS,2
UKRSAU,2
VNMDZA,4
UKRSDN,2
VNMEGY,4
UKRSGP,2
UKRTHA,2
UKRTUR,2
UKRVEN,2
UKRVNM,2
USABGD,2
USACHN,2
VNMIND,4
USADZA,2
VNMIRN,4
VNMIRQ,4
USAEGY,2
USAIND,2
USAIRN,2
USAIRQ,2
VNMLBY,4
VNMMAR,4
USALBY,2
VNMMYS,4
USAMAR,2
USAMYS,2
USAPAK,2
USAPHL,2
VNMPAK,4
USARUS,2
VNMPHL,4
USASAU,2
USASDN,2
VNMRUS,4
VNMSAU,4
VNMSDN,4
VNMSGP,4
USASGP,2
USATHA,2
VNMTHA,4
VNMTUR,4
USATUR,2
USAVEN,2
VNMVEN,4
VNMVNM,4
USAVNM,2
ZAFARG,1
ZAFAUS,1
ZAFAUT,1
ZAFBEL,1
ZAFBGD,2
ZAFBRA,1
ZAFCAN,1
ZAFCHE,1
ZAFCHL,1
ZAFCHN,2
ZAFCOL,1
ZAFCZE,1
ZAFDEU,1
ZAFDNK,1
ZAFDOM,1
ZAFDZA,2
ZAFECU,1
ZAFEGY,2
ZAFESP,1
ZAFFIN,1
ZAFFRA,1
ZAFGBR,1
ZAFGRC,1
ZAFGTM,1
ZAFIDN,1
ZAFIND,2
ZAFIRL,1
ZAFIRN,2
ZAFIRQ,2
ZAFISR,1
ZAFITA,1
ZAFJPN,1
ZAFKOR,1
ZAFLBY,2
ZAFMAR,2
ZAFMEX,1
ZAFMYS,2
ZAFNGA,1
ZAFNLD,1
ZAFNOR,1
ZAFNZL,1
ZAFPAK,2
ZAFPER,1
ZAFPHL,2
ZAFPOL,1
ZAFPRT,1
ZAFRUS,2
ZAFSAU,2
ZAFSDN,2
ZAFSGP,2
ZAFSVK,1
ZAFSWE,1
ZAFTHA,2
ZAFTUR,2
ZAFUKR,1
ZAFUSA,1
ZAFVEN,2
ZAFVNM,2
ZAFZAF,1
